title,submission_flair,text
any guys down to play IM vball?,Question,preferably hitters and have at least some experience 
Found AirPods at BSB (turned in),,"If anyone is missing their AirPods (plain white charging case, no 3rd party case on them) they were left on..."
Question about Dropping classes today,Question,Question Does anyone know what time is the dealine to add or drop classes today?
"Nursing transfer who got in previous years, when did you apply and when did you receive acceptance letter",Question,"also, anyone who's applied for fall 2026 have any of you guys who received a acceptance letter or denial if..."
Who's gonna pay for my medical or winter wear?,Discussion,https://preview.redd.it/5siximlsbyeg1.png?width=766&format=png&auto=webp&s=70fcd59618d6dfb03d3b07f68673b3f8dbd0a857 I literally wanna kick the upper management or the one who is responsible for making this decision. I guess...
"Etiquette, Advice, and if anyone wants to hang out?",Question,How to make friends before clubs open up when people have music in. Literally everyone and it shuts down any...
Financial aid help,Question,"I’m an independent student, I do my own taxes, I live alone, and I’ve been estranged from both of my..."
Uic football interest,,why doesn’t uic have a football program or clubs? anybody interested in football or trying to form a club?
Random Spark in Lecture Room B,,"So I was in IDS 371 this morning @ B1 @ 10 & around 10:45, I random Spark happened &..."
UIC Deadlock team,,I'm hoping to start a team for the upcoming College Deadlock season. DM me if you're interested 
A solution for commuters in the snow…,,"Since they won’t be cancelling classes this year, time to pick one up at Costco 😆 "
9AM Math 220,,WHO THE HELL IS THAT DUDE WHO SNORES OUT LOUD DURING LECTURE WTF
6 STRAIGHT Ws PACK THE ARENA TUESDAY,News,FREE BUS SHUTTLE AND FOOD! 
Should I dorm or commute,Question,I have been accepted into UIC for history and plan on attending in the fall. I live in the cook...
This is what UIC thinks about tomorrow’s weather.,,
calling all premeds,,"hello! I'm trying to finish prerequisites for medical school, and I'm looking for a place to take them. For those..."
Please share this: it is truly life and death for my nephew.,,"My nephew is desperate and I am just trying to share his story anywhere in chicagoland, making it relevant to..."
Is my schedule realistic?,Question,https://preview.redd.it/77xn7lbhr8fg1.png?width=715&format=png&auto=webp&s=d59ef94bee36a6fe3a776677c1abd1396d8d1b38 Just changed my major from Computer Science to Electrical Engineering. I want to finish in the span of 2...
Cover Your Mouth When You Cough,,No one wants your Ebola buddy
None of my classes have been cancelled,Meme,"If I die, I’m coming back to haunt whoever tf decided to make the decision to not cancel class /s"
"This can be pulled off, however…",,My bike isn’t as light as those expensive road bikes so I can’t even lift this over my head.
Why can’t we loft our beds?,Discussion,"This baffles me. If you live on campus in a dorm, it is against the handbook to loft your bed...."
"Lost cherry coke AirPods in Lecture Center C, gave them to lost and found in SCE",Other,"Found them in LCC 03. If they’re yours, hope you find them."
Anyone know what’s going on outside of commons north/south?,,
20 dollars laying in BSB food court ground,Image,"Anyone happen to lose a 20 dollar bill? it’s laying on the ground in the BSB food court. It’s January,..."
Applied for a PhD in Engineering,Question,Can anyone tell me when I would receive the rejection or a call for interview? 
Samay Chicago 27th Feb,Other,Anybody wants to buy Samay Raina 'a Chicago ticket for Feb 27th? 
Dancing near here low-cost?,Question,"Dude I just want to get in a dance floor. Are there any places with such, near here within cta..."
Anyone wanna form a hockey team?,Question,I played varsity hockey in high school and haven’t played in years. I really miss it and the rink I...
Uic nursing admission,,Hi! Just wanted to see if anyone by chance knew when people would start hearing back from UIC for the...
prospective student does anyone know how much cost of attendance would be in total in state on campus,,i live in texas but i’ve always wanted to go to chicago does anyone know of any scholarships available 
Winter Clothes Advice,,I’m not used to Chicago winters and was wondering if I could get advice on everything I should wear and...
MatPat event moved to Dorin Forum,,"1,000 extra seats available! Get your ticket now! It’s nice when they actually listen to us! Thank god it won’t..."
Got admitted and will prolly go what should I know?,Question,I didn’t know a lot of stuff going into hs and never really locked in. I don’t want to do...
I love yall ur so nosey,,Girl I’d be watching too w the amount of lights
MyDevices Fixed Method,,"I would like to preface that this worked for me, but this portal is really wierd. Share fixes in the..."
Should I choose UIC or Transfer?,Question,Hi Im looking for advice because I’m losing my mind. I’ve always seen UIUC as my dream school and did...
Is anyone in the 8AM Physics Lab tomorrow and are you guys going?,Question,I’m lowkey pissed off that UIC isn’t cancelling classes. I’m probably dramatic but I genuinely couldn’t feel my face from...
Don’t care and I don’t regret it lol,,\\-6° feeling like -22°…. Nah 😂 
Yea the University doesn’t really care 😀,,This is the email I get when I emailed my TA about whether we have class tomorrow or not and...
I wanna kick this school in the balls sometimes.,News,
I just got harrassed by prof unsal ozdogru,,i am taking her ids 331 class. i just walked up to her today and asked very politely that i...
UIC Flame Fares and Meal swipe - wish they were transferable 😭,Discussion,"Hey so last semester, I had like a few meal swipes and flames fares left, and I couldn't use them..."
Housing Recommendations 26-27 Student,,"For context, I'm admitted to UIC for 26-27, and my ""commute"" would be 40-minutes driving and then a 70-minute train...."
Found phone at panda express,,Turned in the phone to building management in sce.
Sidewalks and streets are not well maintained,Other,"Dear UIC, If you’re going to force us to come to campus during one of the coldest times UIC has..."
CHEM 232 - help,Question,hello how do I even begin to understand 232? i’m genuinely so confused! yerm and jean are not that great...
UIC or UIUC(Neuro),,Last night I got accepted into UIUC and was incredibly happy. Today I’m just not sure anymore. I got in...
There is no Arby’s in BSB,,I just looked and it’s not there
Social gym club,Image,Now that spring is coming up we will be more active! We have 120 members so far. It’s not just...
