Post Title,Post Tag,Post Content
ECON 120 Textbook,,Selling my textbook!! Who needs
Running on the third floor of CTY (Courtyard),,"Please be quiet. Your jumping, running, screaming, and pounding noises aren’t very respectful. I’m speaking on behalf of me and numerous people on the second floor discussing the matter."
Transfer student from DePaul - class registration issues with prerequisites,Question,"I’m a new transfer student at UIC from DePaul, and I’m running into some issues registering for classes. My final grades just got released today, and I immediately sent my updated transcript to UIC.

My advisor sent me a list of classes to take for my major, but I’m not able to register for some of them because they require prerequisites that are covered by the classes I just completed (and are on that transcript). Since the transcript just got sent, I think the system hasn’t processed it yet — and the classes I need are starting to fill up.

I’ve already emailed my advisor and scheduled an appointment, but I’m worried I’ll miss out on those classes by the time things get sorted. Has anyone dealt with this before? Is there a way to get around this or have prerequisites temporarily waived until the transcript is processed?"
what is the behavioral sciences building dude,Discussion,I dont want to walk through a Freudian inkblot labyrinth i want to go to class
"Letterman 4x2 (1,244 sq. ft) Relet",,"Hello everyone, 

I'm looking for someone to take over my year long lease (8/17/2025 - 7/31/2026) in a fully furnished 4BR/2BA apartment located in West Loop - Right outside of UIC campus, and CTA Blue Line. The rent is $1080/month with all utilities included. Currently, the apartment is going for $1,155 on the letterman website. 

If you're interested or have any questions, feel free to reach out!!!"
Professor Paul B Lewis,,"Hey! I’m from the law school, and was wondering if any present or past students ever had Professor Lewis and could tell me more about him? He was the only Professor that never spoke about himself and I’m just curious if anyone has stories about him lol."
Placement assesment lol,,I got a 65 on the placement assesment not sure what to make of it as an incoming arch student also is the prep module necessary to complete or can i jus skip it ?
Is UIC Honors College worth it?,Question,"I’m a first year finance major and while I didn’t enroll in the honors college this year, I’ve been thinking about doing it next year. What appeals to me the most is the additional scholarship money but is the money worth it for all the extra work and courses required? Any advice is greatly appreciated!"
I filled out the Campus Care Opt Out Waiver Form. What does she mean?,,
Parking at UIC,Question,"What is the parking situation like at UIC? I got the email about parking passes and was wondering what the best option is: A: the full parking permit (don't want to spend almost $500) picking out day passes (which are still like $8/9 a pass and hella expensive), or try to rely on street parking.

  
For reference, my classes are Monday at 9 and Tuesday/Thursday late morning/early afternoon. 

  
Due to time constraints, public transit may not be an option.

  
TIA!"
Internet connection at SCE,Question,Is it just me or is anyone else having an issue connecting to UIC-WiFi in the cafeteria area of the building? I suddenly just disconnect and can't get a connection at all to my laptop
Somebody lose a ring?,Question,Did one of you ladies lose a ring in the SELE building. Im in the building rn and will eventually turn it in to SCE when i walk that way but in case that person is here i will hold it here and just dm me a description of your ring and i will tell you where i am.
easier parking at uic,Offer,"Hi guys, I just wanted to let you know that I’m doing a trial run of a website I made over the summer. The purpose of the website is to make parking easier for commuters, especially first years. It was esp hard for me to determine what lot to buy a parking pass for during my first year (and I ended up having a 15min walk in the winter mornings  ) which encouraged me to create it. I noticed even within the past month many ppl have asked questions about where to park so I’m hoping this will help w that!

It’s called ParkPro, and basically you can put in your class schedule and get lots recommended that will benefit you most in terms of how far you have to walk from your car to class. Also, I created a tips section where anyone can submit tips about parking at UIC for other drivers (i.e, where to get free parking or which parking pass is best to buy), as well as a resources section with links to resources that are relevant to students who drive and park here.

If u want to sign up for the trial run u can DM me here by the end of Friday Aug 29, or u can come see me in the Commuter Student Resource Center tomorrow (Aug 27) from 2:30 to 4:30pm! (I’ll be tabling and i’ll demo it there)

Trial run starts 9/2!"
"Working on building this, youtube's been a massive distraction for me when studying, would love your thoughts",,
Is my schedule decent?,Question,"Also hoping to find another FIN class that's closer to my IDS class on T/TR to close the gap a bit, thank you!"
WHAT THE H-LL IS WRONG WITH THE WIFI???,Question,"I can’t log Into anything! I know I’m not the only one struggling with the wifi. I was taking summer classes, how the hell am I unable to connect to the wifi? Is anyone else having this problem?! UIC wifi is always acting crazy!"
speed is in chicago guys,,this is y’all’s chance
Here is my fall 2025 schedule as incoming freshman also need some advice,,"Guys i would really appreciate some advice if i should add or change my schedule because i don't really know what i did here.

My major is electrical engineering and will be living in polk street residence"
Are vaccines required for attending UIC?,Question,One of my vaccines I got as a kid expired a few days before I sent in my vaccination cert. would I have to get a booster before I can attend? I see a hold on my account but I can register for classes as usual.
hows the greek life here,Question,im curious since theres a lot of commuters at this school
Is this schedule good? I’m a junior in college,,Dhh
Network Outage - 9/9,,"Just to let everyone know. There is a known campus network outage. WiFi and other services may all be down.

Despite this saying WiFi it is all the network:
https://status.uic.edu/incidents/712525?utm_source=widget&amp;utm_medium=widget_v2"
I NEED MORE FRIENDS!!!,,"Hey guys it’s my first year in this major, are there any biochemistry students here? Let’s connect!!!! 

Also I’m a Vietnamese and if you from Vietnam too, DM me."
Rate my First Year Schedule (Commuter),Question,https://preview.redd.it/bnf4vwf5l2gf1.png?width=1872&amp;format=png&amp;auto=webp&amp;s=02a0d9ced916d31659d33ac455131c6b6c0bb90a
Anyone else tired of manually entering their syllabus into a calendar,,"Every semester I start off with good intentions: collect all my syllabi, sit down with Google Calendar, and copy every deadline, exam, and project in. It takes forever, and no matter how careful I am, I always end up missing something small that was buried in the fine print.

This term I tried something different — I found a site that just scanned my syllabi and threw all the dates into a color-coded calendar. Honestly, it was such a relief not having to spend hours typing everything in. The crazy part is I can’t remember the name of the site now (I think I saw it through a friend on campus).

Anyway, it made me curious: how do you all handle deadlines? Do you build your own Notion/Excel setups, stick with Google Calendar, or use something more automated?"
Drop off locations,Question,I’m commuting over 30 minutes away and I’m in a situation where I’m getting dropped off. My mom has to work remotely at 7:30. So I’ve had to get up extra early to get dropped off but it hasn’t been working because I have class at 10 some days and class at 11 other days. I missed two days this week because of it. Student center east opens at 6:30 but my mom won’t drop me off and leave until they open and I can go in. Leaving at 6:30 isn’t enough time to get back by 7:30 due to the traffic rush and slow downs. Are there any other places on/off campus that open earlier where I can get dropped off and aren’t that far away from student center east?
Urgent Question about Aspire,Question,"So here’s my situation: I submitted my FAFSA late, and when I recently checked my financial aid, the Aspire Grant wasn’t listed. Is there still a chance I can get it if I talk to financial aid? Please Help!!!"
Question for fellow autistic and sensory sensitive individuals,Question,"I am a first year student and just started at UIC this fall semester. I haven’t had much of a chance to explore campus, and when I do I get very overwhelmed by the sheer amount of sensory information. 
My question is: Does anyone have any recommendations for a good place that is a more sensory reduced environment to go for a bit? I tried looking at resources but didn’t find anything. Obviously if anyone is hesitant or doesn’t want to share I understand, as sometimes sharing things on the internet means they lose their anonymity or value. I don’t want to “take” anyone’s quiet area or intrude, I want to explore more and find what I like, I just am seeking an area where I can go briefly to reset while I’m still discovering where I can go. 

Outside is currently my favorite place, but I detest the feeling of bugs crawling on me and there are a lot of them here that do so!"
Soooo…how’s everyone’s summer going,,My summer so far is just filled with work and exhaustion so I hope everyone’s having a better summer than me   any plans or parties you’ve attended?? Share with the class!
Ducks around campus,,To whoever is leaving those tiny plastic ducks around SCE: they made me and my friend’s day lol
Offer for incoming first-year College of Engineering students,,"Are there any incoming College of Engineering students with an advising appointment BEFORE July 6th who are willing to give their spot for $. I’m leaving the country from July 6th-August 19th and cannot attend any of the available sessions because they are all in mid-July

  
If so, dm me on this Reddit account"
Does anybody know where I can go sharpen my pencil on East campus? (SSB fine too),Question,I need to sharpen a wooden pencil because I broke the graphite and I need it for drawing for a homework assignment and I didn't bring my own sharpener :(
Info on on-campus jobs?,Question,"I've applied to 6 on campus jobs on Handshake. 2 say \""reviewed\"" but show no other updates, and the other 4 are still \""pending.\"" I REALLY need a job and I'm wondering if I should focus more on off-campus opportunities. I'm a transfer sophomore, and at my previous university, getting a job often depended on knowing someone rather than actually using Handshake

TIA!"
I found this on the halsted parking lot,,
this is a scam right?,Question,the email that it’s addressed to isn’t mine and it came on my uic email
Is the social gaming club dead?,Question,"I was interested in meeting more people on campus, and what better way to do that than clubs? I checked out the social gaming club last year and wasn't the biggest fan, but that was also in the middle of the second semester, so cliques were already closely formed. I think giving it a shot closer to the beginning of the year would be better. I just can't find any info online. Only the competitive gaming club seems to have a trace.

Unrelated, any other cool clubs on campus?"
Any girlies looking to make more friends?,Discussion,"I’m trying to go out more and meet new people but it’s hard being an introvert. Maybe if there’s enough people, we can make a gc to plan hang outs! Pm me if you’re interested"
Well that’s a familiar reference.,,
Anyone else cant do anything because of this shit?,Question,https://preview.redd.it/3h75ajl3bu5f1.png?width=358&amp;format=png&amp;auto=webp&amp;s=988f82cc4d15acdc5b080fa5ff9f83e2c6083b80
Move-in Day tips?,Question,As the title suggests.
"Opted in for fall u-pass, why did I get charged for July?",,"I already called ventra, they don’t know and I’ve emailed UIC. Just wondering if anyone knows"
How to transfer a class from ccc to here,,"Hello all, I wanted to know how to transer a summer class to this school."
"ResistMap is live: 'civil watch' system for ICE raids, unusual military activity, hate crimes &amp; more - 100% anonymous, human reviewed, no app needed",News,
First Transfer Semester Schedule,,Is this schedule too much?
iPad recs for a pre-med,Question,"Hi I was thinking about buying an iPad for orgo chem and like stuff in the future cuz it would be way easier if I could just draw stuff. Do yall have any recs on a specific model or storage recs for a pre-med? 

Also apples doing a special promo on like a free Apple Pencil w the newer pro or air model so that’s also worth looking into. I could wait till Black Friday or thanksgiving time but idk how much of a savings/price difference it would make. 

Thanks!"
Dining hall food question,Question,I don’t want to offend anyone by any means. But why is the food always and I mean ALWAYS like Indian/Mediterranean style cuisine? I understand it’s halal friendly 24/7 but what about the people who eat pork and stuff. And the foods are either extremely salty or bland as all hell. Is the dining hall at JST the same or better than SCE?
Remember to opt out of fees you dont need,,"Friendly reminder to opt out of campus care ($697) if you already have health insurance. 

And also Sustainability Fee/Student to Student Fee if you want to send that email for an extra $9 off your bill before the 9/12 deadline.

[https://campuscare.uic.edu/important-information/waiver-reinstatement-forms/](https://campuscare.uic.edu/important-information/waiver-reinstatement-forms/)

[bursarhelp@uillinois.edu](mailto:bursarhelp@uillinois.edu) (Email for requesting form for Sustainability Fee+Student to Student Fee)"
Refund for fall semester,,When do you guys think refunds will be received for this 2025 fall semester ? Every year it ranges from ten days before the start of the semester to the day of !
"University of Illinois Chicago student files lawsuit against UIC police, claiming arrest was unlawful, led to visa revocation | abc7chicago.com",,"\""For Italian international student Francesco Presta, it started as a normal Friday workout at the University of Illinois Chicago gym in September of last year. It became anything but.

Two weeks later, Presta was escorted out of his campus apartment in handcuffs, accused by UIC police of theft and booked into custody.\"""
UIC ghosted me,,"I applied for UIC back in April for as a transfer. My GPA is above 3.80 and to this day I haven’t heard a thing from admissions. Not even a rejection email. 

I’m heartbroken and sad and it’s July now so I doubt it would even make any sense to reach out. They practically just took my money for application fees and didn’t say a thing."
